name,official
Todd Gurley II,Todd Gurley
Marvin Jones Jr.,Marvin Jones
Ted Ginn Jr.,Ted Ginn
Benjamin Watson,Ben Watson
Will Fuller V,Will Fuller
TJ Jones,T.J. Jones
Mitchell Trubisky,Mitch Trubisky
Duke Johnson Jr.,Duke Johnson
De'Anthony Smith,DeAnthony Smith
Le'Veon Bell,LeVeon Bell
LeShun Daniels Jr.,LeShun Daniels
